-- phpMyAdmin SQL Dump
-- version 5.1.0
-- https://www.phpmyadmin.net/
--
-- Host: 127.0.0.1
-- Waktu pembuatan: 25 Bulan Mei 2022 pada 14.52
-- Versi server: 10.4.18-MariaDB
-- Versi PHP: 7.4.16

SET SQL_MODE = "NO_AUTO_VALUE_ON_ZERO";
START TRANSACTION;
SET time_zone = "+00:00";


/*!40101 SET @OLD_CHARACTER_SET_CLIENT=@@CHARACTER_SET_CLIENT */;
/*!40101 SET @OLD_CHARACTER_SET_RESULTS=@@CHARACTER_SET_RESULTS */;
/*!40101 SET @OLD_COLLATION_CONNECTION=@@COLLATION_CONNECTION */;
/*!40101 SET NAMES utf8mb4 */;

--
-- Database: `pustaka`
--

-- --------------------------------------------------------

--
-- Struktur dari tabel `booking`
--

CREATE TABLE `booking` (
  `id_booking` varchar(12) NOT NULL,
  `tgl_booking` date NOT NULL,
  `batas_ambil` date NOT NULL,
  `id_user` int(11) NOT NULL
) ENGINE=InnoDB DEFAULT CHARSET=utf8mb4;

-- --------------------------------------------------------

--
-- Struktur dari tabel `booking_detail`
--

CREATE TABLE `booking_detail` (
  `id` int(11) NOT NULL,
  `id_booking` varchar(12) NOT NULL,
  `id_buku` int(11) NOT NULL
) ENGINE=InnoDB DEFAULT CHARSET=utf8mb4;

-- --------------------------------------------------------

--
-- Struktur dari tabel `buku`
--

CREATE TABLE `buku` (
  `id` int(11) NOT NULL,
  `judul_buku` varchar(128) NOT NULL,
  `id_kategori` int(11) NOT NULL,
  `pengarang` varchar(64) NOT NULL,
  `penerbit` varchar(64) NOT NULL,
  `tahun_terbit` year(4) NOT NULL,
  `isbn` varchar(64) NOT NULL,
  `stok` int(11) NOT NULL,
  `dipinjam` int(11) NOT NULL,
  `dibooking` int(11) NOT NULL,
  `image` varchar(256) DEFAULT 'book-default-cover.jpg'
) ENGINE=InnoDB DEFAULT CHARSET=latin1;

--
-- Dumping data untuk tabel `buku`
--

INSERT INTO `buku` (`id`, `judul_buku`, `id_kategori`, `pengarang`, `penerbit`, `tahun_terbit`, `isbn`, `stok`, `dipinjam`, `dibooking`, `image`) VALUES
(1, 'Statistika dengan Program Komputer', 1, 'Ahmad Kholiqul Amin', 'Deep Publish', 2014, '9786022809432', 3, 1, 4, 'img1557402455.jpg'),
(2, 'Mudah Belajar Komputer untuk Anak', 1, 'Bambang Agus Setiawan', 'Huta Media', 2014, '9786025118500', 2, 3, 4, 'img1557402397.jpg'),
(5, 'PHP Komplet', 1, 'Jubilee', 'Elex Media Komputindo', 2017, '8346753547', 4, 1, 2, 'img1555522493.jpg'),
(10, 'Detektif Conan Ep 200', 9, 'Okigawa sasuke', 'Cultura', 2016, '874387583987', 5, 0, 0, 'img1557401465.jpg'),
(14, 'Bahasa Indonesia', 2, 'Umri Nur\'aini dan Indriyani', 'Pusat Perbukuan', 2015, '757254724884', 3, 0, 0, 'img1557402703.jpg'),
(15, 'Komunikasi Lintas Budaya', 5, 'Dr. Dedy Kurnia', 'Published', 2015, '878674646488', 5, 0, 0, 'img1557403156.jpg'),
(16, 'Kolaborasi Codeigniter dan Ajax dalam Perancangan CMS', 1, 'Anton Subagia', 'Elex Media komputindo', 2017, '43345356577', 5, 0, 0, 'img1557403502.jpg'),
(17, 'From Hobby to Money', 4, 'Deasylawati', 'Elex Media Komputindo', 2015, '87968686787879', 5, 0, 0, 'img1557403658.jpg'),
(18, 'Buku Saku Pramuka', 8, 'Rudi Himawan', 'Pusat Perbukuan', 2016, '97868687978796', 6, 0, 0, 'img1557404613.jpg'),
(19, 'Rahasia Keajaiban Bumi', 3, 'Nurul Ihsan', 'Luxima', 2014, '565756565768868', 5, 0, 0, 'img1557404689.jpg'),
(20, 'Buku Pintar Puasa Wajib dan Sunnah Sepanjang Masa', 7, 'Ali Hasan', 'Luxima', 2011, '32342342344234', 5, 0, 0, 'img1557404775.jpg'),
(21, 'Aspek Hukum dalam Penelitian', 6, 'Rianto Adi', 'Buku Obor', 2015, '7565646455757', 5, 0, 0, 'img1557404853.jpg');

-- --------------------------------------------------------

--
-- Struktur dari tabel `detail_pinjam`
--

CREATE TABLE `detail_pinjam` (
  `no_pinjam` varchar(12) NOT NULL,
  `id_buku` int(11) NOT NULL,
  `denda` int(11) NOT NULL
) ENGINE=InnoDB DEFAULT CHARSET=utf8mb4;

-- --------------------------------------------------------

--
-- Struktur dari tabel `kategori`
--

CREATE TABLE `kategori` (
  `id` int(11) NOT NULL,
  `kategori` varchar(45) NOT NULL
) ENGINE=InnoDB DEFAULT CHARSET=latin1;

--
-- Dumping data untuk tabel `kategori`
--

INSERT INTO `kategori` (`id`, `kategori`) VALUES
(1, 'Komputer'),
(2, 'Bahasa'),
(3, 'Sains'),
(4, 'Hobby'),
(5, 'Komunikasi'),
(6, 'Hukum'),
(7, 'Agama'),
(8, 'Populer'),
(9, 'Komik');

-- --------------------------------------------------------

--
-- Struktur dari tabel `menu`
--

CREATE TABLE `menu` (
  `id` int(11) NOT NULL,
  `menu` varchar(128) NOT NULL
) ENGINE=InnoDB DEFAULT CHARSET=latin1;

--
-- Dumping data untuk tabel `menu`
--

INSERT INTO `menu` (`id`, `menu`) VALUES
(1, 'Admin'),
(2, 'User'),
(3, 'Menu'),
(4, 'Utility'),
(5, 'Buku'),
(6, 'Anggota'),
(7, 'Laporan');

-- --------------------------------------------------------

--
-- Struktur dari tabel `pinjam`
--

CREATE TABLE `pinjam` (
  `no_pinjam` varchar(12) NOT NULL,
  `tgl_pinjam` date NOT NULL,
  `id_booking` varchar(12) NOT NULL,
  `id_user` int(11) NOT NULL,
  `tgl_kembali` date NOT NULL,
  `tgl_pengembalian` date NOT NULL,
  `status` enum('Pinjam','Kembali') NOT NULL DEFAULT 'Pinjam',
  `total_denda` int(11) NOT NULL
) ENGINE=InnoDB DEFAULT CHARSET=utf8mb4;

-- --------------------------------------------------------

--
-- Struktur dari tabel `role`
--

CREATE TABLE `role` (
  `id` int(11) NOT NULL,
  `role` varchar(128) NOT NULL
) ENGINE=InnoDB DEFAULT CHARSET=latin1;

--
-- Dumping data untuk tabel `role`
--

INSERT INTO `role` (`id`, `role`) VALUES
(1, 'admministrator'),
(2, 'member');

-- --------------------------------------------------------

--
-- Struktur dari tabel `temp`
--

CREATE TABLE `temp` (
  `id` int(11) NOT NULL,
  `tgl_booking` datetime DEFAULT NULL,
  `id_user` varchar(12) NOT NULL,
  `email_user` varchar(128) DEFAULT NULL,
  `id_buku` int(11) DEFAULT NULL,
  `judul_buku` varchar(255) NOT NULL,
  `image` varchar(255) NOT NULL,
  `penulis` varchar(128) NOT NULL,
  `penerbit` varchar(128) NOT NULL,
  `tahun_terbit` year(4) NOT NULL
) ENGINE=InnoDB DEFAULT CHARSET=utf8mb4;

-- --------------------------------------------------------

--
-- Struktur dari tabel `users`
--

CREATE TABLE `users` (
  `id` int(11) NOT NULL,
  `nama` varchar(128) NOT NULL,
  `alamat` text NOT NULL,
  `email` varchar(128) NOT NULL,
  `image` varchar(128) NOT NULL,
  `password` varchar(256) NOT NULL,
  `role_id` int(11) NOT NULL,
  `is_active` int(1) NOT NULL,
  `tanggal_input` int(11) NOT NULL
) ENGINE=InnoDB DEFAULT CHARSET=latin1;

--
-- Dumping data untuk tabel `users`
--

INSERT INTO `users` (`id`, `nama`, `alamat`, `email`, `image`, `password`, `role_id`, `is_active`, `tanggal_input`) VALUES
(1, 'Imam Nawawi', '', 'imam.imw@gmail.com', 'pro1557486527.jpg', '$2y$10$jLgqE1IBWTdVFuBfgq4u/upFdTkdRmKSigfZ7M8qHbjkTmnf26D5a', 1, 1, 1554218983),
(3, 'Maruloh, M.Kom', '', 'maruloh.mru@bsi.ac.id', 'default.jpg', '$2y$10$beSdsua15A.A.tmiLIsmfuQCLWGdptUwjXlGI2u2kqxlpPXpXqZ72', 1, 1, 1554219788),
(13, 'Rizkiyah', '', 'kiki.hidayah@gmail.com', 'pro1557648081.jpg', '$2y$10$237zpGsuPlkDaH0z0kMhKOcP.1pmMx8cxrUXGgh2ErFPQZ5Eb8p72', 1, 1, 1557609676),
(14, 'Eni Irfiani', '', 'eni.enf@bsi.ac.id', 'default.jpg', '$2y$10$pVXQd4Hs4yrtWjIjhyngge2tsG5nWbL.B956XbElPOM0Q0EsSip.a', 1, 1, 1563868032),
(15, 'Andriansah', '', 'andriansah.aiy@bsi.ac.id', 'default.jpg', '$2y$10$perspnO9EwfN24C1UnIlVuJl9WfZazMq.KynnKNcTdqprkVSfcmiC', 1, 1, 1563868080),
(16, 'Imam Khotib', '', 'imamkhotib0@gmail.com', 'default.jpg', '$2y$10$G6Z.Bq1htczywNfgmC0Ti.WTidif/a7ztpgMOyj1r7v6UWJzDSOmW', 1, 1, 1564436443),
(18, 'sahrul', 'jl.mawar', 'sahrul@gmail.com', 'pro1648623413.png', '$2y$10$/2ZDk0wHs.qazhgObm1Abe9ON9tZrPR4PhshPOzwHgf.4XU0WNBl6', 1, 1, 1648023296),
(19, 'ikke kholaiyah', 'bulak teko', 'ikkekholaiyah@gmail.com', 'pro1649150076.jpg', '$2y$10$OA6rKFSvmcqEmeho1BkyTOIWdDn2aW/1QHuMod80ccMd5CMEaQfZW', 2, 1, 1649147566),
(20, 'Yusuf', 'Jalan jalan', 'yusuf@gmail.com', 'default.jpg', '$2y$10$ilM38ds/KLLGfr9BGRlbQOuq/HRVzxY8vPAZ3Kej1W/bNE7uPj8ZW', 2, 1, 1650527760),
(21, 'yusuf', 'Jln ', 'yusuf@gmail.com', 'default.jpg', '$2y$10$KDitkxOBpW4Ft1PkMJJjIO2nEh5rQJUqImnpFSeTcQmGwQprPDg56', 2, 1, 1650528011),
(22, 'yusuf', 'Jln ', 'yusuf1@gamil.com', 'default.jpg', '$2y$10$lFTDXOBRxbPcoDw3MZAzhO10zEIdlwnxy0cZKb2EZCz41cTpkyATu', 2, 1, 1650528133),
(23, 'syahrul', 'Jln ', 'sahrul@bsi.ac.id', 'default.jpg', '$2y$10$o4XmJ697Gji.tgTzG/bllOfdz45yWPVMGqqhphs4aDseGFN.YYc56', 2, 1, 1650529451),
(24, 'admin', '', 'adminpustaka@admin.com', 'default.jpg', '$2y$10$SzWxa43H3y2f7L6R/kI8eeufnBe890eZJ20/EZq4RcaN31.0rE3ZW', 1, 1, 1651041998),
(25, 'MUHAMAD FATHUR RASIDI', 'Jakarta', 'Fatur@gmail.com', 'pro1652362112.png', '$2y$10$.xGN/W6drSLCkcA5Z2vG3..AjgZZT0aU96MRCkCSMg5GpbkRyQGj6', 2, 1, 1652361643);

--
-- Indexes for dumped tables
--

--
-- Indeks untuk tabel `booking`
--
ALTER TABLE `booking`
  ADD PRIMARY KEY (`id_booking`);

--
-- Indeks untuk tabel `booking_detail`
--
ALTER TABLE `booking_detail`
  ADD PRIMARY KEY (`id`),
  ADD KEY `FK_Booking` (`id_booking`);

--
-- Indeks untuk tabel `buku`
--
ALTER TABLE `buku`
  ADD PRIMARY KEY (`id`);

--
-- Indeks untuk tabel `detail_pinjam`
--
ALTER TABLE `detail_pinjam`
  ADD KEY `FK_Pinjam` (`no_pinjam`);

--
-- Indeks untuk tabel `kategori`
--
ALTER TABLE `kategori`
  ADD PRIMARY KEY (`id`);

--
-- Indeks untuk tabel `menu`
--
ALTER TABLE `menu`
  ADD PRIMARY KEY (`id`);

--
-- Indeks untuk tabel `pinjam`
--
ALTER TABLE `pinjam`
  ADD PRIMARY KEY (`no_pinjam`);

--
-- Indeks untuk tabel `role`
--
ALTER TABLE `role`
  ADD PRIMARY KEY (`id`);

--
-- Indeks untuk tabel `temp`
--
ALTER TABLE `temp`
  ADD PRIMARY KEY (`id`);

--
-- Indeks untuk tabel `users`
--
ALTER TABLE `users`
  ADD PRIMARY KEY (`id`);

--
-- AUTO_INCREMENT untuk tabel yang dibuang
--

--
-- AUTO_INCREMENT untuk tabel `booking_detail`
--
ALTER TABLE `booking_detail`
  MODIFY `id` int(11) NOT NULL AUTO_INCREMENT;

--
-- AUTO_INCREMENT untuk tabel `buku`
--
ALTER TABLE `buku`
  MODIFY `id` int(11) NOT NULL AUTO_INCREMENT, AUTO_INCREMENT=22;

--
-- AUTO_INCREMENT untuk tabel `kategori`
--
ALTER TABLE `kategori`
  MODIFY `id` int(11) NOT NULL AUTO_INCREMENT, AUTO_INCREMENT=10;

--
-- AUTO_INCREMENT untuk tabel `menu`
--
ALTER TABLE `menu`
  MODIFY `id` int(11) NOT NULL AUTO_INCREMENT, AUTO_INCREMENT=8;

--
-- AUTO_INCREMENT untuk tabel `role`
--
ALTER TABLE `role`
  MODIFY `id` int(11) NOT NULL AUTO_INCREMENT, AUTO_INCREMENT=3;

--
-- AUTO_INCREMENT untuk tabel `temp`
--
ALTER TABLE `temp`
  MODIFY `id` int(11) NOT NULL AUTO_INCREMENT;

--
-- AUTO_INCREMENT untuk tabel `users`
--
ALTER TABLE `users`
  MODIFY `id` int(11) NOT NULL AUTO_INCREMENT, AUTO_INCREMENT=26;

--
-- Ketidakleluasaan untuk tabel pelimpahan (Dumped Tables)
--

--
-- Ketidakleluasaan untuk tabel `booking_detail`
--
ALTER TABLE `booking_detail`
  ADD CONSTRAINT `FK_Booking` FOREIGN KEY (`id_booking`) REFERENCES `booking` (`id_booking`) ON DELETE CASCADE ON UPDATE CASCADE;

--
-- Ketidakleluasaan untuk tabel `detail_pinjam`
--
ALTER TABLE `detail_pinjam`
  ADD CONSTRAINT `FK_Pinjam` FOREIGN KEY (`no_pinjam`) REFERENCES `pinjam` (`no_pinjam`) ON DELETE CASCADE ON UPDATE CASCADE;
COMMIT;

/*!40101 SET CHARACTER_SET_CLIENT=@OLD_CHARACTER_SET_CLIENT */;
/*!40101 SET CHARACTER_SET_RESULTS=@OLD_CHARACTER_SET_RESULTS */;
/*!40101 SET COLLATION_CONNECTION=@OLD_COLLATION_CONNECTION */;
